{"cameraMode":{"drawMode":0,"name":"Shaded","section":"Shading Mode"},"sceneLighting":true,"audioPlay":false,"sceneViewState":{"showFog":true,"showMaterialUpdate":false,"showSkybox":true,"showFlares":true,"showImageEffects":true,"showParticleSystems":true},"in2DMode":false,"pivot":{"x":97.55290985107422,"y":52.09339141845703,"z":74.21603393554688},"rotation":{"x":-0.01830875687301159,"y":0.0035962359979748728,"z":-0.00006585886876564473,"w":-0.999828577041626},"size":433.48895263671877,"orthographic":false}